,Item_Identifier,Item_Outlet_Sales
0,DRA12,1843.6002000000005
1,DRA24,2246.2189714285714
2,DRA59,2614.43015
3,DRB01,1518.0240000000001
4,DRB13,2428.8383999999996
5,DRB24,3050.6956
6,DRB25,1661.5039
7,DRB48,622.9034571428572
8,DRC01,862.2110000000001
9,DRC12,2237.4209
10,DRC13,1632.04225
11,DRC24,3152.8959
12,DRC25,1128.816342857143
13,DRC27,2743.4289000000003
14,DRC36,3011.8128800000004
15,DRC49,2828.3184
16,DRD01,851.02556
17,DRD12,1576.7095142857142
18,DRD13,1232.6811428571432
19,DRD15,2522.811314285714
20,DRD24,1965.156257142857
21,DRD25,1740.23475
22,DRD27,1269.8137600000002
23,DRD37,892.1720000000001
24,DRD49,3634.9350999999997
25,DRD60,2605.2754
26,DRE01,2908.2144
27,DRE03,648.2989714285715
28,DRE12,1546.8753333333332
29,DRE13,1552.51244
30,DRE15,1151.1682
31,DRE25,1472.7495999999999
32,DRE27,995.0381000000001
33,DRE37,1890.872
34,DRE48,3491.0747428571426
35,DRE49,2681.8424000000005
36,DRE60,4074.696
37,DRF01,1640.3647500000002
38,DRF03,548.2863
39,DRF13,2685.1714
40,DRF15,957.0874999999999
41,DRF23,2638.3989500000002
42,DRF25,784.6928571428571
43,DRF27,2182.1595
44,DRF36,4490.4881
45,DRF37,3068.228333333334
46,DRF48,1496.7184
47,DRF49,1347.2463
48,DRF51,645.1602
49,DRF60,4647.9498
50,DRG01,1225.072
51,DRG03,2768.3964
52,DRG11,1531.60632
53,DRG13,3782.4098
54,DRG15,1306.7434666666666
55,DRG23,1764.2748857142858
56,DRG25,4567.388
57,DRG27,519.8566400000001
58,DRG36,3593.3226000000004
59,DRG37,1646.9989714285714
60,DRG39,981.8330666666666
61,DRG48,2507.93544
62,DRG49,3714.0987200000004
63,DRG51,2039.21224
64,DRH01,2571.85224
65,DRH03,745.696
66,DRH11,939.4438
67,DRH13,809.6128
68,DRH15,812.9418
69,DRH23,795.76416
70,DRH25,744.3644
71,DRH36,1280.1114666666667
72,DRH37,2110.4750333333336
73,DRH39,1480.2953333333335
74,DRH49,557.2746
75,DRH51,966.7416
76,DRH59,634.7293333333334
77,DRI01,3103.9595999999997
78,DRI03,2811.5069500000004
79,DRI11,1398.6555714285714
80,DRI13,3147.2366
81,DRI23,2674.2966666666666
82,DRI25,860.4989428571429
83,DRI37,644.4944
84,DRI39,1279.0018
85,DRI47,2277.036
86,DRI49,1421.483
87,DRI51,3349.6397999999995
88,DRI59,4586.0304
89,DRJ01,1315.8427333333332
90,DRJ11,2917.3453714285715
91,DRJ13,2192.9232666666667
92,DRJ23,2874.12544
93,DRJ24,1966.6067499999995
94,DRJ25,1022.3359
95,DRJ35,706.8576666666668
96,DRJ37,2934.8464
97,DRJ39,4271.4399
98,DRJ47,3202.498
99,DRJ49,1963.31104
100,DRJ51,3593.7220800000005
101,DRJ59,469.83286666666663
102,DRK01,1418.154
103,DRK11,1615.6746666666668
104,DRK12,491.02750000000003
105,DRK13,3703.6234666666674
106,DRK23,5464.8864
107,DRK35,602.4657749999999
108,DRK37,3567.3563999999997
109,DRK39,1647.8550000000002
110,DRK47,3242.84548
111,DRK49,591.8010857142857
112,DRK59,2265.4954666666667
113,DRL01,4273.294628571429
114,DRL11,3124.33308
115,DRL23,1715.1008
116,DRL35,766.6211428571429
117,DRL37,772.8035714285716
118,DRL47,1359.03096
119,DRL49,926.1278000000001
120,DRL59,701.0873999999999
121,DRL60,1611.8066857142855
122,DRM11,3731.3651333333332
123,DRM23,2808.3443999999995
124,DRM35,4103.9912
125,DRM37,3913.382171428571
126,DRM47,2961.8112999999994
127,DRM48,876.1927999999999
128,DRM49,802.9548000000001
129,DRM59,2328.9684
130,DRN11,2286.0243
131,DRN35,671.1264
132,DRN36,1342.2527999999998
133,DRN37,1810.4211666666663
134,DRN47,2916.204
135,DRN59,803.9535
136,DRO35,2606.607
137,DRO47,1471.418
138,DRO59,1043.6415
139,DRP35,2173.1712
140,DRP47,3785.073
141,DRQ35,2600.6148
142,DRY23,504.2325333333333
143,DRZ11,1754.3829999999998
144,DRZ24,2612.5992
145,FDA01,770.0452571428572
146,FDA02,1692.4635999999996
147,FDA03,2260.0581
148,FDA04,4467.684450000001
149,FDA07,1925.113142857143
150,FDA08,2110.475033333333
151,FDA09,3020.0688
152,FDA10,1531.34
153,FDA11,1663.96736
154,FDA13,488.61397500000004
155,FDA14,1318.2839999999999
156,FDA15,5198.067050000001
157,FDA16,4365.6506
158,FDA19,1413.4934
159,FDA20,3510.9853333333335
160,FDA21,3825.2429333333334
161,FDA22,3899.3686666666667
162,FDA23,1922.8304
163,FDA25,1486.0656000000001
164,FDA26,3329.53264
165,FDA27,3068.0063999999998
166,FDA28,2013.3792
167,FDA31,2336.958
168,FDA32,2465.362285714286
169,FDA33,2542.29072
170,FDA34,4016.1056000000003
171,FDA35,2909.5460000000003
172,FDA36,1989.7432999999999
173,FDA37,2158.0797333333335
174,FDA38,1922.8304
175,FDA39,662.887125
176,FDA40,878.856
177,FDA43,2418.98456
178,FDA44,940.8586250000001
179,FDA45,2787.7046
180,FDA46,3823.4674666666665
181,FDA47,2881.8043333333335
182,FDA48,4323.3723
183,FDA49,1046.6375999999998
184,FDA50,1218.830125
185,FDA51,2125.2336
186,FDA52,2893.5668
187,FDA55,3467.4864
188,FDA56,2753.6156400000004
189,FDA57,1012.016
190,FDA58,2199.8032
191,FDB02,3634.6022
192,FDB03,3653.3777600000003
193,FDB04,1506.6102857142862
194,FDB05,3095.97
195,FDB08,2273.1521666666663
196,FDB09,1045.83864
197,FDB10,2127.2309999999998
198,FDB11,4455.7999199999995
199,FDB12,1744.92864
200,FDB14,1504.708
201,FDB15,3879.5214857142855
202,FDB16,1151.30136
203,FDB17,3191.8451999999997
204,FDB20,1168.4789999999998
205,FDB21,4302.00012
206,FDB22,2214.7171200000003
207,FDB23,3536.0638
208,FDB26,884.1824
209,FDB27,3317.4594666666667
210,FDB28,1977.4260000000002
211,FDB29,1565.0738666666666
212,FDB32,1627.2151999999999
213,FDB33,2896.09684
214,FDB34,1520.116514285714
215,FDB35,1362.8926000000001
216,FDB36,2154.814142857143
217,FDB37,5143.57132
218,FDB38,2428.8384000000005
219,FDB39,671.1264
220,FDB40,2503.0751
221,FDB41,598.7761333333334
222,FDB44,3545.7844800000007
223,FDB45,1236.9454333333333
224,FDB46,3599.3148000000006
225,FDB47,2299.6732
226,FDB49,1363.1145333333332
227,FDB50,1464.49368
228,FDB51,844.9002
229,FDB52,2965.73952
230,FDB53,3519.6851199999996
231,FDB56,3835.5786857142853
232,FDB57,4091.7404800000004
233,FDB58,2248.787057142857
234,FDB59,2499.94584
235,FDB60,2721.7904000000003
236,FDC02,4555.7365
237,FDC03,3218.8100999999997
238,FDC04,2513.52816
239,FDC05,2857.6135999999997
240,FDC08,2942.836
241,FDC09,881.7855199999998
242,FDC10,1108.6901599999999
243,FDC11,2007.387
244,FDC14,561.019725
245,FDC15,1689.1345999999999
246,FDC16,1384.8639999999998
247,FDC17,4568.529371428572
248,FDC20,503.3448
249,FDC21,889.90828
250,FDC22,2818.9972000000002
251,FDC23,3199.8348
252,FDC26,1178.5991600000002
253,FDC28,1389.1251200000002
254,FDC29,1946.7992
255,FDC32,1240.11908
256,FDC33,3580.228533333333
257,FDC34,2882.2482
258,FDC35,2415.744333333333
259,FDC37,1858.0258666666668
260,FDC38,2053.6601
261,FDC39,3531.4031999999997
262,FDC40,1308.69648
263,FDC41,1268.8245714285715
264,FDC44,2428.8384
265,FDC45,1682.5875666666668
266,FDC46,3793.9186285714286
267,FDC47,3882.2798
268,FDC48,1403.5064
269,FDC50,1713.7692000000002
270,FDC51,2143.2102
271,FDC52,1542.3257
272,FDC53,1248.1530666666667
273,FDC56,2197.14
274,FDC57,1882.5495
275,FDC58,597.62208
276,FDC59,1004.4068571428571
277,FDC60,1151.1682
278,FDD02,1967.3058400000002
279,FDD03,2982.784
280,FDD04,1749.0566
281,FDD05,2199.30385
282,FDD08,626.1849
283,FDD09,3289.939733333333
284,FDD10,1784.3440000000003
285,FDD11,3036.0479999999993
286,FDD14,2428.2835666666665
287,FDD16,801.6232
288,FDD17,3463.4916000000003
289,FDD20,3029.6119333333336
290,FDD21,2614.818533333333
291,FDD22,3355.6319999999996
292,FDD23,3305.253133333333
293,FDD26,2591.2936
294,FDD28,1025.3319999999999
295,FDD29,4058.7168
296,FDD32,1028.8829333333333
297,FDD33,4298.737700000001
298,FDD34,2446.815
299,FDD35,2324.9736000000003
300,FDD36,1511.0331
301,FDD38,1516.6924000000001
302,FDD39,3709.457142857143
303,FDD40,3431.422233333333
304,FDD41,1724.7549
305,FDD44,5453.9007
306,FDD45,1489.0617
307,FDD46,1691.7978
308,FDD47,3210.0437333333334
309,FDD48,2004.058
310,FDD50,3116.514685714286
311,FDD51,452.74399999999997
312,FDD52,1757.7119999999998
313,FDD53,444.62124000000006
314,FDD56,2714.1337
315,FDD57,1441.742342857143
316,FDD58,1298.31
317,FDD59,1557.972
318,FDE02,1764.9026399999996
319,FDE04,2456.802
320,FDE05,2065.6445
321,FDE08,2256.79568
322,FDE09,972.60064
323,FDE10,1726.9742333333334
324,FDE11,3401.07285
325,FDE14,1877.5559999999998
326,FDE16,3989.283371428571
327,FDE17,2461.367485714286
328,FDE20,3395.5799999999995
329,FDE21,2278.3676
330,FDE22,1725.7536
331,FDE23,885.5140000000001
332,FDE24,1662.2806666666665
333,FDE26,1964.90896
334,FDE28,2902.6216799999997
335,FDE29,1050.1885333333332
336,FDE32,556.6088
337,FDE33,1234.5834285714286
338,FDE34,2968.8022
339,FDE35,761.6752
340,FDE36,4012.7765999999997
341,FDE38,3647.2524
342,FDE39,2741.0986000000003
343,FDE40,1015.47816
344,FDE41,1099.2358000000002
345,FDE44,798.16104
346,FDE45,3116.34348
347,FDE46,1435.7977
348,FDE47,1960.94745
349,FDE50,3567.3564
350,FDE51,516.1852285714285
351,FDE52,3453.5046
352,FDE53,1193.1136000000001
353,FDE56,1284.82755
354,FDE57,3084.48495
355,FDE58,2399.8761
356,FDE59,473.3838
357,FDF02,1651.184
358,FDF04,3778.0821
359,FDF05,4569.4686249999995
360,FDF08,1245.046
361,FDF09,422.56106666666665
362,FDF10,2023.19975
363,FDF11,3220.74092
364,FDF12,2438.8254
365,FDF14,2411.8605000000002
366,FDF16,1921.4988
367,FDF17,3208.046333333333
368,FDF20,3284.6133333333332
369,FDF21,3740.844857142857
370,FDF22,3232.5422249999992
371,FDF24,1583.2724
372,FDF26,2127.5639
373,FDF28,2324.085866666667
374,FDF29,2155.1946
375,FDF32,1819.2319199999997
376,FDF33,1833.6131999999998
377,FDF34,2777.7176000000004
378,FDF35,1565.02948
379,FDF38,385.8311
380,FDF39,5457.06325
381,FDF40,3921.8949000000002
382,FDF41,3982.593666666666
383,FDF44,3392.9168
384,FDF45,1253.83456
385,FDF46,1819.8977200000002
386,FDF47,2524.21425
387,FDF50,3547.3824
388,FDF52,2209.420311111111
389,FDF53,3563.5280500000003
390,FDF56,2998.171377777778
391,FDF57,2386.2272
392,FDF58,969.8486666666668
393,FDF59,1359.8964999999998
394,FDG02,1942.27176
395,FDG04,2245.0776
396,FDG05,2307.8292500000002
397,FDG08,2650.2644571428573
398,FDG09,3170.9834666666666
399,FDG10,458.0704
400,FDG12,2088.836533333333
401,FDG14,4301.068
402,FDG16,3020.0687999999996
403,FDG17,5314.582050000001
404,FDG20,1310.56072
405,FDG21,2971.1325
406,FDG22,631.67775
407,FDG24,1487.6468750000001
408,FDG26,3631.384166666667
409,FDG28,2572.6512
410,FDG29,524.3175
411,FDG31,818.0462666666666
412,FDG32,3367.4261714285713
413,FDG33,2284.62612
414,FDG34,1317.8084285714285
415,FDG35,1876.75704
416,FDG38,1768.3648
417,FDG40,577.2485999999999
418,FDG41,1519.6885
419,FDG44,1114.5492
420,FDG45,4247.804
421,FDG46,2144.2089
422,FDG47,3759.994533333333
423,FDG50,1120.6365142857144
424,FDG52,771.79536
425,FDG53,1491.3919999999998
426,FDG56,1470.0864
427,FDG57,631.8442
428,FDG58,1947.465
429,FDG59,514.8853333333333
430,FDG60,4593.48736
431,FDH02,1104.6953600000002
432,FDH04,1131.8600000000001
433,FDH05,4016.1056000000003
434,FDH08,3100.9635000000003
435,FDH09,673.2569599999999
436,FDH10,2058.5703750000002
437,FDH12,1304.9679999999998
438,FDH14,1625.5982571428572
439,FDH16,1456.1046000000001
440,FDH17,1384.1982
441,FDH19,2954.1546000000003
442,FDH20,1689.4675
443,FDH21,2173.1711999999998
444,FDH22,2034.6848
445,FDH24,2451.20928
446,FDH26,1955.9301714285714
447,FDH27,1581.9407999999999
448,FDH28,498.101625
449,FDH31,1249.97292
450,FDH32,2156.0823333333333
451,FDH33,758.0132999999998
452,FDH34,3343.6476000000002
453,FDH35,2302.3363999999997
454,FDH38,2050.6639999999998
455,FDH40,1150.724333333333
456,FDH41,2939.063133333333
457,FDH44,1888.3197666666665
458,FDH45,488.47526666666664
459,FDH46,1435.4647999999997
460,FDH47,1474.3031333333336
461,FDH48,890.2697142857144
462,FDH50,3029.8655714285715
463,FDH52,908.1511999999999
464,FDH53,1197.1084
465,FDH56,1406.7402857142858
466,FDH57,2146.9196571428574
467,FDH58,2284.470766666667
468,FDH60,3109.8408333333336
469,FDI02,1884.71335
470,FDI04,3050.885828571429
471,FDI05,1529.7864666666665
472,FDI07,3079.1347714285716
473,FDI08,3818.141066666667
474,FDI09,4014.7740000000003
475,FDI10,3276.4017999999996
476,FDI12,1142.5128
477,FDI14,1976.0944
478,FDI15,3974.8259999999996
479,FDI16,1020.8933333333335
480,FDI19,3918.0110666666665
481,FDI20,3738.7523428571435
482,FDI21,1031.7997714285716
483,FDI22,3318.84655
484,FDI24,3564.0274000000004
485,FDI26,2752.9878857142858
486,FDI27,690.4346
487,FDI28,1201.6580333333334
488,FDI32,1991.0273428571425
489,FDI33,2426.30836
490,FDI34,3839.4466666666667
491,FDI35,4059.3825999999995
492,FDI36,2966.1389999999997
493,FDI38,3892.7994400000002
494,FDI40,1628.67996
495,FDI41,2556.588775
496,FDI44,1506.0396
497,FDI45,2926.7616857142857
498,FDI46,3020.0688
499,FDI48,704.9157499999999
500,FDI50,5229.637066666667
501,FDI52,1572.1757333333333
502,FDI53,1826.0674666666666
503,FDI56,1778.6846999999998
504,FDI57,4110.458971428571
505,FDI58,1468.089
506,FDI60,769.5538333333333
507,FDJ02,1397.8471
508,FDJ03,652.8169
509,FDJ04,1402.3967333333333
510,FDJ07,1427.30875
511,FDJ08,2904.48592
512,FDJ09,595.0349714285715
513,FDJ10,2294.568733333333
514,FDJ12,3583.3356000000003
515,FDJ14,918.8040000000001
516,FDJ15,4520.5156799999995
517,FDJ16,1112.15232
518,FDJ20,1362.2268
519,FDJ21,3603.594942857143
520,FDJ22,1972.2898285714286
521,FDJ26,2778.3833999999997
522,FDJ27,1629.8784
523,FDJ28,2741.9308499999997
524,FDJ32,719.7298
525,FDJ33,2494.2532499999998
526,FDJ34,1689.8003999999999
527,FDJ36,1394.45152
528,FDJ38,3795.060000000001
529,FDJ40,2475.0005333333334
530,FDJ41,3139.9128
531,FDJ44,2594.7890500000003
532,FDJ45,667.7022857142857
533,FDJ46,3108.1208500000002
534,FDJ48,3705.1769999999997
535,FDJ50,981.8330666666666
536,FDJ52,2118.04296
537,FDJ53,1506.3725000000002
538,FDJ55,4191.37745
539,FDJ56,1597.9199999999998
540,FDJ57,3078.2787428571432
541,FDJ58,2533.7019
542,FDJ60,2531.8154666666665
543,FDK02,1478.076
544,FDK03,4977.711028571429
545,FDK04,744.3644
546,FDK08,1142.1323428571427
547,FDK09,3015.6301333333336
548,FDK10,2444.8176
549,FDK14,996.3697000000002
550,FDK15,1686.4714000000001
551,FDK16,2208.85808
552,FDK20,2266.3831999999998
553,FDK21,3325.956342857143
554,FDK22,2466.7889999999998
555,FDK24,716.8446666666667
556,FDK25,3368.9480000000003
557,FDK26,3115.9440000000004
558,FDK27,1720.69352
559,FDK28,4741.02864
560,FDK32,3608.4140666666667
561,FDK33,3444.4053333333336
562,FDK34,3694.5242
563,FDK36,816.5371200000001
564,FDK38,2227.101
565,FDK40,4545.9872857142855
566,FDK41,1349.3546666666666
567,FDK43,1897.53
568,FDK44,2224.30464
569,FDK45,1565.7396666666666
570,FDK46,2596.6200000000003
571,FDK48,1700.32004
572,FDK50,3073.9986
573,FDK51,3709.8376
574,FDK52,3799.3876999999998
575,FDK55,996.2587333333335
576,FDK56,2525.7122999999997
577,FDK57,4434.228
578,FDK58,1796.3284000000003
579,FDK60,1652.5156
580,FDL02,1693.7952
581,FDL03,2789.0362
582,FDL04,1905.5195999999999
583,FDL08,3634.380266666667
584,FDL09,1649.8524
585,FDL10,1599.667725
586,FDL12,1018.6739999999998
587,FDL13,2763.07
588,FDL14,1908.5157
589,FDL15,1270.5683333333334
590,FDL16,615.1992
591,FDL20,2056.9891
592,FDL21,551.2824
593,FDL22,1461.7163428571428
594,FDL24,4339.795366666667
595,FDL25,673.7896
596,FDL26,3505.437
597,FDL27,1162.4868
598,FDL28,1535.7786666666668
599,FDL32,917.2060799999999
600,FDL33,2316.3182
601,FDL34,3140.5786
602,FDL36,1001.5534285714285
603,FDL38,1427.4752
604,FDL39,2375.6853666666666
605,FDL40,1048.1594285714286
606,FDL43,1352.6836666666668
607,FDL44,3171.07224
608,FDL45,2399.099333333333
609,FDL46,1228.9716857142855
610,FDL48,548.5240857142857
611,FDL50,1431.8029000000001
612,FDL51,2822.7700666666665
613,FDL52,487.9362857142857
614,FDL56,1526.3465000000003
615,FDL57,4477.726933333333
616,FDL58,3823.0235999999995
617,FDM01,2101.9306
618,FDM02,976.8617600000001
619,FDM03,1650.78452
620,FDM04,888.6210666666666
621,FDM08,3195.84
622,FDM09,1358.232
623,FDM10,2949.3608400000003
624,FDM12,1193.3355333333334
625,FDM13,891.9056799999998
626,FDM14,2134.332866666667
627,FDM15,2612.504085714286
628,FDM16,1467.0902999999998
629,FDM20,4949.2908800000005
630,FDM21,4741.02864
631,FDM22,1025.332
632,FDM24,2206.59436
633,FDM25,2841.6343999999995
634,FDM27,2398.47792
635,FDM28,1647.8550000000002
636,FDM32,786.47625
637,FDM33,3911.7414499999995
638,FDM34,1836.2764000000002
639,FDM36,2512.7292
640,FDM38,1262.3568
641,FDM39,3832.7442800000003
642,FDM40,1938.1437999999998
643,FDM44,1017.2472857142857
644,FDM45,2084.2203200000004
645,FDM46,1771.0279999999998
646,FDM50,1042.6428
647,FDM51,1511.0330999999999
648,FDM52,2771.3925
649,FDM56,873.5296000000001
650,FDM57,1153.4985
651,FDM58,2205.1296
652,FDM60,649.8208000000001
653,FDN01,2066.8334285714286
654,FDN02,3796.1696666666667
655,FDN03,2703.68064
656,FDN04,2523.5722285714287
657,FDN08,1885.5455999999995
658,FDN09,2964.8074
659,FDN10,1445.85128
660,FDN12,1645.8575999999998
661,FDN13,1072.3818666666668
662,FDN15,1478.0760000000002
663,FDN16,1692.4635999999998
664,FDN20,3425.097133333333
665,FDN21,1864.4302285714286
666,FDN22,3334.6593000000003
667,FDN23,2854.506533333333
668,FDN24,993.63992
669,FDN25,538.23272
670,FDN27,1816.3023999999998
671,FDN28,1259.0278
672,FDN31,2324.47425
673,FDN32,3577.8760400000006
674,FDN33,1347.2463
675,FDN34,3269.5218666666665
676,FDN38,3838.5589333333332
677,FDN39,2488.7604
678,FDN40,2499.2467500000002
679,FDN44,3155.8920000000003
680,FDN45,3467.4864000000002
681,FDN46,2067.7528666666663
682,FDN48,1506.8385600000001
683,FDN49,399.4800000000001
684,FDN50,1273.8973333333333
685,FDN51,4958.8784000000005
686,FDN52,1569.9564
687,FDN56,2781.2130500000003
688,FDN57,2431.1211428571432
689,FDN58,5213.214
690,FDN60,2852.2871999999998
691,FDO01,1850.39136
692,FDO03,4866.9980000000005
693,FDO04,870.3670500000001
694,FDO08,1452.6646333333335
695,FDO09,4120.192333333333
696,FDO10,844.5672999999999
697,FDO11,4357.661
698,FDO12,3131.9231999999997
699,FDO13,1776.08808
700,FDO15,1207.0954000000002
701,FDO16,1664.5
702,FDO19,982.8687555555557
703,FDO20,3658.9039
704,FDO21,2385.42824
705,FDO22,958.7520000000001
706,FDO23,1553.2162857142855
707,FDO24,2444.8175999999994
708,FDO25,3285.723
709,FDO27,1783.2787200000002
710,FDO28,1084.5882
711,FDO31,1374.2112
712,FDO32,908.817
713,FDO33,1821.6288
714,FDO34,3139.9128000000005
715,FDO36,2624.5835999999995
716,FDO37,3869.79605
717,FDO38,1261.95732
718,FDO39,3950.8572
719,FDO40,2237.088
720,FDO44,2155.1946000000003
721,FDO45,1274.3412
722,FDO46,3245.9969333333333
723,FDO48,2928.8542
724,FDO49,809.6128
725,FDO50,1745.7276000000002
726,FDO51,752.7978666666667
727,FDO52,2801.936075
728,FDO56,914.01024
729,FDO57,2040.1063142857145
730,FDO58,2576.4240666666665
731,FDO60,554.4211714285714
732,FDP01,1321.3910666666668
733,FDP03,1875.2732571428571
734,FDP04,984.31872
735,FDP07,2553.343
736,FDP08,3332.46216
737,FDP09,3313.28712
738,FDP10,1769.411057142857
739,FDP11,2503.7409
740,FDP12,465.79367999999994
741,FDP13,519.3240000000001
742,FDP15,5254.826499999999
743,FDP16,3881.7471600000003
744,FDP19,2066.6432
745,FDP20,1170.1435
746,FDP21,3592.6568
747,FDP22,692.0991
748,FDP23,3657.63888
749,FDP24,1713.7692
750,FDP25,3300.0007111111113
751,FDP26,1003.49376
752,FDP27,2846.2950000000005
753,FDP28,2936.178000000001
754,FDP31,997.10208
755,FDP32,1875.72505
756,FDP33,4474.176
757,FDP34,2785.0413999999996
758,FDP36,1214.4192
759,FDP37,2004.59064
760,FDP38,728.65152
761,FDP39,749.3103428571429
762,FDP40,1431.73632
763,FDP44,1401.2870666666665
764,FDP45,3221.4067200000004
765,FDP46,1460.5987499999999
766,FDP48,4467.518000000001
767,FDP49,781.5540857142857
768,FDP51,1619.6694666666665
769,FDP52,4548.0797999999995
770,FDP56,965.6763199999999
771,FDP57,1547.9850000000001
772,FDP58,2519.0543
773,FDP59,1391.78832
774,FDP60,1705.9698285714287
775,FDQ01,3570.0196000000005
776,FDQ03,2038.4132800000002
777,FDQ04,261.4374666666667
778,FDQ07,3536.7296
779,FDQ08,883.801942857143
780,FDQ09,1996.5122666666666
781,FDQ10,3251.7672
782,FDQ11,2775.58704
783,FDQ12,2664.5316
784,FDQ13,1565.9615999999999
785,FDQ14,1348.245
786,FDQ15,1394.4071333333331
787,FDQ16,2293.0152000000003
788,FDQ19,4665.2606000000005
789,FDQ20,731.0484
790,FDQ21,2423.512
791,FDQ22,602.3270666666667
792,FDQ23,1722.5577600000001
793,FDQ24,3926.0894399999997
794,FDQ25,2517.6561199999996
795,FDQ26,965.0295428571428
796,FDQ27,1599.5845000000002
797,FDQ28,3243.7776
798,FDQ31,1054.6272
799,FDQ32,2208.4586
800,FDQ33,4363.6532
801,FDQ34,1119.1146857142858
802,FDQ36,644.4943999999999
803,FDQ37,4843.695000000001
804,FDQ39,3654.4929749999997
805,FDQ40,2363.1461333333336
806,FDQ44,2496.21736
807,FDQ45,2388.8903999999998
808,FDQ46,1771.0280000000002
809,FDQ47,599.8858
810,FDQ48,1386.5285000000001
811,FDQ49,1564.63
812,FDQ51,765.80316
813,FDQ52,5091.0397
814,FDQ55,2361.2596999999996
815,FDQ56,1725.7536
816,FDQ57,2160.521
817,FDQ58,1658.9516666666668
818,FDQ59,1426.1436
819,FDQ60,120.5098
820,FDR01,3042.991342857143
821,FDR02,1842.5539428571426
822,FDR03,4231.159000000001
823,FDR04,1421.64945
824,FDR07,642.6634499999999
825,FDR08,1352.7946333333332
826,FDR09,3255.952228571428
827,FDR10,1981.95344
828,FDR11,2527.2103500000003
829,FDR12,1975.4286
830,FDR13,1197.1084
831,FDR14,550.08396
832,FDR15,2194.001228571429
833,FDR16,4701.8796
834,FDR19,3110.6176
835,FDR20,648.9330666666667
836,FDR21,2369.2968571428573
837,FDR22,2269.0463999999997
838,FDR23,3043.53825
839,FDR24,1456.1046000000001
840,FDR25,3868.830639999999
841,FDR26,1711.9937333333335
842,FDR27,2044.1962285714285
843,FDR28,2642.5602
844,FDR31,2537.09748
845,FDR32,3691.9719666666674
846,FDR33,1757.7120000000002
847,FDR34,4947.160320000001
848,FDR35,4152.119028571428
849,FDR36,612.40284
850,FDR37,3883.135828571428
851,FDR39,3709.393733333333
852,FDR40,1638.0899333333334
853,FDR43,526.3981249999999
854,FDR44,1647.5221
855,FDR45,6035.31055
856,FDR46,2160.521
857,FDR47,2887.17512
858,FDR48,1859.5793999999999
859,FDR49,632.7763200000002
860,FDR51,2783.7097999999996
861,FDR52,2531.87095
862,FDR55,3484.606971428571
863,FDR56,4483.4972
864,FDR57,2121.2388
865,FDR58,1758.3778
866,FDR59,3761.3538750000002
867,FDR60,759.4558666666667
868,FDS01,2590.3424571428573
869,FDS02,3511.4292
870,FDS03,1054.8491333333334
871,FDS04,2267.809914285714
872,FDS07,1480.0734
873,FDS08,2176.0563333333334
874,FDS09,657.8104000000001
875,FDS10,2751.58495
876,FDS11,3840.3343999999997
877,FDS12,1887.543
878,FDS13,2574.1730285714284
879,FDS14,1846.2633999999998
880,FDS15,2157.1919999999996
881,FDS16,3473.5737142857142
882,FDS19,1160.2040571428572
883,FDS20,2918.8671999999997
884,FDS21,470.5874400000001
885,FDS22,454.07559999999995
886,FDS23,1884.6578666666667
887,FDS24,1106.8925000000002
888,FDS25,2320.9788
889,FDS26,4552.87356
890,FDS27,1851.875142857143
891,FDS28,588.9476571428571
892,FDS31,2577.597142857143
893,FDS32,1866.4276285714284
894,FDS33,1571.7873499999998
895,FDS34,1798.85844
896,FDS35,1140.9592666666665
897,FDS36,2636.5679999999998
898,FDS37,1467.4232
899,FDS39,3229.5738666666675
900,FDS40,408.0402857142857
901,FDS43,2908.2144
902,FDS44,4606.781166666668
903,FDS45,1814.7805714285714
904,FDS46,1644.65916
905,FDS47,1393.6145142857144
906,FDS48,1730.4142000000002
907,FDS49,1492.7235999999998
908,FDS50,3270.24315
909,FDS51,1011.3502
910,FDS52,1416.8224000000002
911,FDS55,2672.5212
912,FDS56,3628.8319333333334
913,FDS57,1901.8101428571426
914,FDS58,3209.156
915,FDS59,1679.2427142857143
916,FDS60,2336.958
917,FDT01,3292.0481
918,FDT02,388.1614
919,FDT03,1627.5956571428574
920,FDT04,487.09928
921,FDT07,3360.810444444445
922,FDT08,2596.6200000000003
923,FDT09,2197.14
924,FDT10,553.0578666666667
925,FDT11,2440.8228
926,FDT12,3321.1055142857144
927,FDT13,2449.4782
928,FDT14,2588.6304
929,FDT15,1794.3310000000001
930,FDT16,5414.8182400000005
931,FDT19,3566.0248
932,FDT20,810.9444
933,FDT21,3984.1472
934,FDT22,1030.6583999999998
935,FDT23,1184.05872
936,FDT24,1399.8444999999997
937,FDT25,2135.125485714286
938,FDT26,1917.5040000000001
939,FDT27,3702.9132799999998
940,FDT28,2407.5328
941,FDT31,2930.8516
942,FDT32,2590.79425
943,FDT33,2256.0633
944,FDT34,1352.5251428571428
945,FDT35,1845.5976
946,FDT36,623.4107333333333
947,FDT37,3723.0204399999993
948,FDT38,1352.9056
949,FDT39,2176.3670399999996
950,FDT40,1573.7015250000002
951,FDT43,630.6077142857145
952,FDT44,1453.4413999999997
953,FDT45,928.1252
954,FDT46,571.0661714285715
955,FDT47,2235.7563999999998
956,FDT48,3075.3302000000003
957,FDT49,1637.868
958,FDT50,1326.2736000000002
959,FDT51,587.2356
960,FDT52,3430.2016000000003
961,FDT55,3372.859575
962,FDT56,834.1142400000001
963,FDT57,3397.3554666666664
964,FDT58,2041.3428000000001
965,FDT59,3839.4466666666667
966,FDT60,1733.7432000000001
967,FDU01,3100.2977
968,FDU02,3435.528
969,FDU03,2371.5796
970,FDU04,1608.30648
971,FDU07,1989.9652333333333
972,FDU08,1562.46615
973,FDU09,2129.2284
974,FDU10,745.6959999999999
975,FDU11,1968.3267333333336
976,FDU12,3310.3576
977,FDU13,2335.876075
978,FDU14,4094.6699999999996
979,FDU15,623.1888
980,FDU16,1342.2528
981,FDU19,2414.1908000000003
982,FDU20,2151.960714285714
983,FDU21,455.9778857142857
984,FDU22,2393.9504800000004
985,FDU23,2848.2924000000003
986,FDU24,1833.1693333333335
987,FDU25,1191.5917714285715
988,FDU26,1004.5019714285716
989,FDU27,901.2268799999999
990,FDU28,1997.2668399999998
991,FDU31,2984.4485000000004
992,FDU32,1726.0865000000001
993,FDU33,696.7597
994,FDU34,2276.655542857143
995,FDU35,1872.5625
996,FDU36,1689.2297142857144
997,FDU37,2093.2752
998,FDU38,3287.1497142857143
999,FDU39,987.6033333333334
1000,FDU40,2195.8084
1001,FDU43,2860.2767999999996
1002,FDU44,2734.6625333333336
1003,FDU45,2020.8694500000001
1004,FDU46,1508.5125714285716
1005,FDU47,1030.2145333333333
1006,FDU48,703.0848
1007,FDU49,1969.1035
1008,FDU50,1832.2815999999998
1009,FDU51,4250.4672
1010,FDU52,1760.20875
1011,FDU55,5922.45745
1012,FDU56,3934.4341333333336
1013,FDU57,2257.062
1014,FDU58,2507.00332
1015,FDU59,3289.7178000000004
1016,FDU60,3156.779733333333
1017,FDV01,2526.4256571428573
1018,FDV02,2669.32536
1019,FDV03,3071.60172
1020,FDV04,1436.6061714285715
1021,FDV07,1967.3058400000002
1022,FDV08,566.2629000000001
1023,FDV09,1930.1542
1024,FDV10,690.30144
1025,FDV11,1707.2776499999998
1026,FDV12,2266.3832
1027,FDV13,1845.5976
1028,FDV14,966.7416
1029,FDV15,2025.3636
1030,FDV16,485.0828571428571
1031,FDV19,2659.0149714285717
1032,FDV20,1939.30895
1033,FDV21,2002.7264
1034,FDV22,2529.485166666667
1035,FDV23,2041.8754400000003
1036,FDV24,1498.05
1037,FDV25,4420.912
1038,FDV26,3560.1990499999997
1039,FDV27,855.9968666666667
1040,FDV28,480.2320285714286
1041,FDV31,1529.1206666666667
1042,FDV32,1127.9761666666666
1043,FDV33,3229.1299999999997
1044,FDV34,842.50332
1045,FDV35,3102.6279999999997
1046,FDV36,2435.1635
1047,FDV37,2405.8682999999996
1048,FDV38,746.1398666666666
1049,FDV39,2768.3964
1050,FDV40,842.50332
1051,FDV43,683.9985333333334
1052,FDV44,2411.9714666666664
1053,FDV45,3567.3564
1054,FDV46,1980.7549999999999
1055,FDV47,1226.0707
1056,FDV48,1309.4066666666668
1057,FDV49,4625.6455000000005
1058,FDV50,1798.3258
1059,FDV51,2099.9332
1060,FDV52,2050.5308400000004
1061,FDV55,2757.7436
1062,FDV56,970.7364000000001
1063,FDV57,4031.894571428572
1064,FDV58,2479.4392000000003
1065,FDV59,3570.55224
1066,FDV60,2684.2836666666676
1067,FDW01,1410.33085
1068,FDW02,2607.7166666666667
1069,FDW03,2064.47935
1070,FDW04,2813.0049999999997
1071,FDW07,1163.8183999999999
1072,FDW08,1411.4959999999999
1073,FDW09,950.7623999999998
1074,FDW10,2999.4289999999996
1075,FDW11,928.7909999999999
1076,FDW12,1990.5517714285713
1077,FDW13,919.2034800000001
1078,FDW14,1453.6633333333332
1079,FDW15,2820.9946
1080,FDW16,2228.0996999999998
1081,FDW19,1820.4874285714286
1082,FDW20,1970.7680000000003
1083,FDW21,1729.2157599999998
1084,FDW22,4729.8432
1085,FDW23,534.1935333333333
1086,FDW24,656.1459
1087,FDW25,1159.02464
1088,FDW26,2495.566355555555
1089,FDW27,1964.9977333333334
1090,FDW28,2852.2871999999998
1091,FDW31,2468.52008
1092,FDW32,957.0399428571428
1093,FDW33,1624.552
1094,FDW34,3853.5552857142857
1095,FDW35,496.3539
1096,FDW36,1270.3464000000001
1097,FDW37,1539.3296
1098,FDW38,639.4533428571428
1099,FDW39,2323.0871666666667
1100,FDW40,2350.9398
1101,FDW43,3700.1835
1102,FDW44,1931.707733333333
1103,FDW45,2697.5996666666665
1104,FDW46,989.6007333333333
1105,FDW47,1441.7898999999998
1106,FDW48,825.75845
1107,FDW49,2487.5027777777777
1108,FDW50,1575.6632571428574
1109,FDW51,3195.84
1110,FDW52,3700.1835
1111,FDW55,4083.7508799999996
1112,FDW56,4521.7807
1113,FDW57,3435.79432
1114,FDW58,1693.7952
1115,FDW59,1141.5141
1116,FDW60,3175.866
1117,FDX01,1417.5991666666666
1118,FDX02,4163.2474
1119,FDX03,467.8354666666666
1120,FDX04,607.2095999999999
1121,FDX07,3021.0674999999997
1122,FDX08,1984.7498000000003
1123,FDX09,3175.866
1124,FDX10,291.12105
1125,FDX11,3120.2717000000007
1126,FDX12,3555.0391
1127,FDX13,4681.37296
1128,FDX14,884.01595
1129,FDX15,2246.4092
1130,FDX16,2072.3025000000002
1131,FDX19,3472.051885714285
1132,FDX20,3219.5128888888885
1133,FDX21,1242.0499
1134,FDX22,3155.892
1135,FDX23,882.4069333333333
1136,FDX24,1406.7022399999998
1137,FDX25,2991.8388800000002
1138,FDX26,2527.947485714286
1139,FDX27,1172.34064
1140,FDX28,2215.560466666667
1141,FDX31,3297.7074000000002
1142,FDX32,1816.3023999999998
1143,FDX33,2781.2685333333334
1144,FDX34,2671.3005666666663
1145,FDX35,3233.3911200000002
1146,FDX36,3632.7950285714287
1147,FDX37,2030.6899999999998
1148,FDX38,393.08832
1149,FDX39,3841.26652
1150,FDX40,513.0464571428571
1151,FDX43,1664.5
1152,FDX44,1412.6056666666666
1153,FDX45,2386.06075
1154,FDX46,1155.4959000000001
1155,FDX47,2356.9320000000002
1156,FDX48,1428.8067999999998
1157,FDX49,4334.358
1158,FDX50,1422.9810499999999
1159,FDX51,2505.53856
1160,FDX52,2625.9152000000004
1161,FDX55,3091.57572
1162,FDX56,4244.8079
1163,FDX57,1668.7167333333334
1164,FDX58,3478.8050000000003
1165,FDX59,577.2486
1166,FDX60,1438.1280000000004
1167,FDY01,1871.73025
1168,FDY02,3268.602428571428
1169,FDY03,1434.6325499999998
1170,FDY04,2392.4413333333337
1171,FDY07,721.9174285714287
1172,FDY08,1791.1684500000001
1173,FDY09,700.4216
1174,FDY10,2099.4893333333334
1175,FDY11,988.713
1176,FDY12,465.52735999999993
1177,FDY13,1268.8245714285715
1178,FDY14,5088.21005
1179,FDY15,2168.130142857143
1180,FDY16,3356.56412
1181,FDY19,2445.31695
1182,FDY20,1249.5734400000001
1183,FDY21,3142.5760000000005
1184,FDY22,2085.2856
1185,FDY24,830.5189200000001
1186,FDY25,4998.293759999999
1187,FDY26,4234.488
1188,FDY27,2248.27344
1189,FDY28,3419.5488000000005
1190,FDY31,2564.4713714285713
1191,FDY32,1685.5836666666673
1192,FDY33,3296.185571428571
1193,FDY34,2851.48824
1194,FDY35,807.2349428571428
1195,FDY36,1086.3636666666666
1196,FDY37,2920.1988
1197,FDY38,3448.8439999999996
1198,FDY39,3344.4465600000003
1199,FDY40,443.4228
1200,FDY43,673.7896
1201,FDY44,3181.8582
1202,FDY45,3730.255466666667
1203,FDY46,3928.8858
1204,FDY47,1736.489625
1205,FDY48,1452.5536666666667
1206,FDY49,2167.1789999999996
1207,FDY50,1888.4307333333334
1208,FDY51,4407.596
1209,FDY52,765.67
1210,FDY55,5332.7251
1211,FDY56,3752.3655750000003
1212,FDY57,1588.7890285714286
1213,FDY58,4110.6492
1214,FDY59,1123.775285714286
1215,FDY60,2387.29248
1216,FDZ01,1713.1034
1217,FDZ02,587.2356
1218,FDZ03,2796.3599999999997
1219,FDZ04,822.263
1220,FDZ07,767.8005599999999
1221,FDZ08,990.7104
1222,FDZ09,2675.1844
1223,FDZ10,1834.2789999999998
1224,FDZ12,2433.4990000000003
1225,FDZ13,699.09
1226,FDZ14,2544.6875999999997
1227,FDZ15,2213.3094285714283
1228,FDZ16,3519.7516999999993
1229,FDZ19,3046.7008
1230,FDZ20,5023.128100000001
1231,FDZ21,1267.100625
1232,FDZ22,1215.085
1233,FDZ23,2849.6240000000003
1234,FDZ25,2857.9465
1235,FDZ26,3734.7218749999997
1236,FDZ27,479.37600000000003
1237,FDZ28,1576.88072
1238,FDZ31,3221.40672
1239,FDZ32,920.4685
1240,FDZ33,1792.16715
1241,FDZ34,4827.05
1242,FDZ35,2255.6352857142856
1243,FDZ36,3542.0560000000005
1244,FDZ37,1250.1504666666667
1245,FDZ38,3793.7284
1246,FDZ39,1324.3871666666666
1247,FDZ40,862.8768
1248,FDZ43,4750.08352
1249,FDZ44,898.3861333333333
1250,FDZ45,2678.5134
1251,FDZ46,1547.3192
1252,FDZ47,1845.1981199999998
1253,FDZ48,1360.8952
1254,FDZ49,3232.2370666666666
1255,FDZ50,5512.824
1256,FDZ51,1409.09912
1257,FDZ52,1874.3221142857142
1258,FDZ55,3515.424000000001
1259,FDZ56,2807.4566666666665
1260,FDZ57,1079.39496
1261,FDZ58,2065.1213714285714
1262,FDZ59,2718.6833333333334
1263,FDZ60,776.58912
1264,NCA05,1385.7517333333335
1265,NCA06,570.2101428571428
1266,NCA17,2684.5056
1267,NCA18,1042.6427999999999
1268,NCA29,2635.10324
1269,NCA30,2344.68128
1270,NCA41,3309.55864
1271,NCA42,2820.5951199999995
1272,NCA53,720.9504333333333
1273,NCA54,2210.28955
1274,NCB06,2588.6304
1275,NCB07,3208.046333333333
1276,NCB18,1652.9594666666665
1277,NCB19,1431.47
1278,NCB30,2692.685428571429
1279,NCB31,2925.774875
1280,NCB42,1892.2036
1281,NCB43,3897.7041666666664
1282,NCB54,1821.6288
1283,NCB55,651.8182
1284,NCC06,3291.7151999999996
1285,NCC07,1490.2823333333333
1286,NCC18,2241.7486
1287,NCC19,4054.722
1288,NCC30,1855.7177600000002
1289,NCC31,1908.5157
1290,NCC42,1966.7732
1291,NCC43,2660.6699599999997
1292,NCC54,3856.3136
1293,NCC55,577.9144
1294,NCD06,671.1264
1295,NCD07,1252.3698000000002
1296,NCD18,4492.1526
1297,NCD19,653.9265666666668
1298,NCD30,1370.2164
1299,NCD31,2466.7889999999998
1300,NCD42,705.8811599999999
1301,NCD43,499.6829
1302,NCD54,2249.7382000000002
1303,NCD55,440.42670000000004
1304,NCE06,1229.59944
1305,NCE07,1641.0067714285713
1306,NCE18,4344.345
1307,NCE19,1013.9182857142857
1308,NCE30,2123.902
1309,NCE31,437.0977
1310,NCE42,4814.1334799999995
1311,NCE43,2897.5616
1312,NCE54,1467.0903
1313,NCE55,4058.051
1314,NCF06,2244.633733333333
1315,NCF07,1636.0925333333332
1316,NCF18,3643.2576
1317,NCF19,631.8442
1318,NCF30,1740.7341000000004
1319,NCF31,1492.7236
1320,NCF42,1953.0133333333333
1321,NCF43,2318.9813999999997
1322,NCF54,2327.9697
1323,NCF55,811.6102000000001
1324,NCG06,3285.22365
1325,NCG07,2792.0798571428572
1326,NCG18,1845.5976000000003
1327,NCG19,2343.616
1328,NCG30,1846.8182333333334
1329,NCG42,1843.6002
1330,NCG43,1123.7752857142857
1331,NCG54,3764.4332
1332,NCG55,2443.0421333333334
1333,NCH06,2364.9216
1334,NCH07,2127.8968
1335,NCH18,3439.5228
1336,NCH29,1820.4303599999998
1337,NCH30,1665.451142857143
1338,NCH42,4088.6778000000004
1339,NCH43,1617.8940000000002
1340,NCH54,1890.872
1341,NCH55,1518.024
1342,NCI06,3091.9752
1343,NCI17,1657.287166666667
1344,NCI18,2692.4952
1345,NCI29,1595.42325
1346,NCI30,2463.46
1347,NCI31,559.7475714285714
1348,NCI42,2674.4076333333337
1349,NCI43,854.8872000000001
1350,NCI54,1492.2797333333335
1351,NCI55,2826.72048
1352,NCJ05,2414.0798333333337
1353,NCJ06,1400.3438500000002
1354,NCJ17,971.5353599999999
1355,NCJ18,2082.4321714285716
1356,NCJ19,1259.6935999999998
1357,NCJ29,1221.5210666666665
1358,NCJ30,2339.177333333333
1359,NCJ31,3663.4979200000002
1360,NCJ42,1691.7978
1361,NCJ43,2049.6653
1362,NCJ54,4833.175359999999
1363,NCK05,765.67
1364,NCK06,1332.9316
1365,NCK07,2631.2416
1366,NCK17,659.1420000000002
1367,NCK18,2807.0128
1368,NCK19,2551.0126999999998
1369,NCK29,1909.1815000000001
1370,NCK30,3145.5055199999997
1371,NCK31,734.8212666666665
1372,NCK42,4044.735
1373,NCK53,2145.290825
1374,NCK54,1844.8208333333334
1375,NCL05,562.601
1376,NCL06,2878.2534
1377,NCL07,439.428
1378,NCL17,2707.1428
1379,NCL18,2083.002857142857
1380,NCL19,2261.7226
1381,NCL29,2218.4455999999996
1382,NCL30,3068.0064
1383,NCL31,2926.560888888889
1384,NCL41,334.67546666666675
1385,NCL42,5962.017066666666
1386,NCL53,3077.1611500000004
1387,NCL54,3443.7395333333334
1388,NCL55,3390.2536
1389,NCM05,4273.215366666666
1390,NCM06,2206.6514285714284
1391,NCM07,1268.84835
1392,NCM17,1097.37156
1393,NCM18,1836.9422000000002
1394,NCM19,2784.874950000001
1395,NCM26,2358.2635999999998
1396,NCM29,2061.1265714285714
1397,NCM30,554.3260571428572
1398,NCM31,2198.1387
1399,NCM41,978.7259999999999
1400,NCM42,1474.0812
1401,NCM43,2260.391
1402,NCM53,1576.6144
1403,NCM54,2314.45396
1404,NCM55,2344.5037333333335
1405,NCN05,2502.2983333333336
1406,NCN06,2456.8019999999997
1407,NCN07,1563.1081714285715
1408,NCN14,1960.1152000000002
1409,NCN17,1281.83145
1410,NCN18,2885.84352
1411,NCN19,2340.287
1412,NCN26,1874.8928
1413,NCN29,311.06176
1414,NCN30,997.5903333333332
1415,NCN41,1133.1916
1416,NCN42,2913.40764
1417,NCN43,1786.0085
1418,NCN53,564.5984
1419,NCN54,787.7745600000001
1420,NCN55,4470.58068
1421,NCO02,1285.3269000000003
1422,NCO05,1998.9218285714287
1423,NCO06,345.2173
1424,NCO07,2396.88
1425,NCO14,455.00771999999995
1426,NCO17,2054.4685714285715
1427,NCO18,3128.72736
1428,NCO26,2123.902
1429,NCO29,2396.309314285714
1430,NCO30,2327.6368
1431,NCO41,1790.1142666666665
1432,NCO42,2575.9802000000004
1433,NCO43,1922.8304
1434,NCO53,3629.2758000000003
1435,NCO54,1077.5973
1436,NCO55,1222.0093200000001
1437,NCP02,933.28515
1438,NCP05,2789.3691
1439,NCP06,1792.048257142857
1440,NCP14,2439.047333333333
1441,NCP17,920.40192
1442,NCP18,2901.9368571428568
1443,NCP29,767.0016
1444,NCP30,798.7380666666667
1445,NCP41,862.8768
1446,NCP42,2634.97008
1447,NCP43,2157.192
1448,NCP50,1116.3563714285715
1449,NCP53,4040.7402
1450,NCP54,2155.5275000000006
1451,NCP55,598.6651666666667
1452,NCQ02,3379.6008
1453,NCQ05,2313.48855
1454,NCQ06,3853.3544888888887
1455,NCQ17,2425.1765
1456,NCQ18,2122.2374999999997
1457,NCQ29,1735.5186666666666
1458,NCQ30,779.7849600000001
1459,NCQ38,1308.7725714285714
1460,NCQ41,2536.0322
1461,NCQ42,2140.6579666666667
1462,NCQ43,1050.9653
1463,NCQ50,4345.6766
1464,NCQ53,4929.77342857143
1465,NCQ54,3503.7059200000003
1466,NCR05,3004.4700571428575
1467,NCR06,649.8208
1468,NCR17,2394.2167999999997
1469,NCR18,596.5568
1470,NCR29,1103.5635
1471,NCR30,447.4176
1472,NCR38,3775.086
1473,NCR41,1920.0562333333335
1474,NCR42,110.96666666666668
1475,NCR50,4096.3345
1476,NCR53,3375.606
1477,NCR54,2199.8032
1478,NCS05,2020.53655
1479,NCS06,3155.8920000000003
1480,NCS17,2136.68536
1481,NCS18,2143.8759999999997
1482,NCS29,3533.1786666666667
1483,NCS30,1992.8345142857142
1484,NCS38,1631.8758
1485,NCS41,2021.3688000000002
1486,NCS42,1915.5066
1487,NCS53,2376.906
1488,NCS54,3478.3294285714287
1489,NCT05,3515.4240000000004
1490,NCT06,1989.4104
1491,NCT17,3655.3751600000005
1492,NCT18,4029.4216
1493,NCT29,1644.8589
1494,NCT30,464.83936666666665
1495,NCT41,2003.7916799999998
1496,NCT42,1938.8095999999998
1497,NCT53,1754.1610666666668
1498,NCT54,1047.3034
1499,NCU05,1033.8764333333331
1500,NCU06,2909.5460000000007
1501,NCU17,1731.7458000000001
1502,NCU18,2093.7190666666665
1503,NCU29,2587.742666666667
1504,NCU30,2707.8086000000003
1505,NCU41,3917.234299999999
1506,NCU42,3958.5139000000004
1507,NCU53,1492.0578
1508,NCU54,3670.2225
1509,NCV05,1853.5872
1510,NCV06,2615.5953
1511,NCV17,2885.5771999999997
1512,NCV18,2829.65
1513,NCV29,1955.4545999999998
1514,NCV30,910.8144
1515,NCV41,1547.3192
1516,NCV42,1399.9554666666666
1517,NCV53,4697.884800000001
1518,NCV54,1574.5218857142856
1519,NCW05,3215.814
1520,NCW06,2193.5446800000004
1521,NCW17,3051.86075
1522,NCW18,3910.9092
1523,NCW29,1752.7185000000002
1524,NCW30,3625.9468
1525,NCW41,3042.43968
1526,NCW42,2652.5472
1527,NCW53,2254.0183428571427
1528,NCW54,904.6890400000002
1529,NCX05,1274.3411999999998
1530,NCX06,2897.5616
1531,NCX17,3340.096666666667
1532,NCX18,2413.049428571429
1533,NCX29,1950.2114249999997
1534,NCX30,3921.5619999999994
1535,NCX41,2364.2558000000004
1536,NCX42,2631.2416000000003
1537,NCX53,2056.3233
1538,NCX54,1678.6720285714287
1539,NCY05,670.4606
1540,NCY06,2375.04176
1541,NCY17,874.3285599999999
1542,NCY18,3229.7218222222227
1543,NCY29,749.8572499999999
1544,NCY30,2942.8360000000002
1545,NCY41,683.1108
1546,NCY42,2612.43275
1547,NCY53,2147.60448
1548,NCY54,3319.51235
1549,NCZ05,687.9933333333333
1550,NCZ06,3261.468857142857
1551,NCZ17,822.263
1552,NCZ18,4239.909514285714
1553,NCZ29,1667.32965
1554,NCZ30,1807.6470000000002
1555,NCZ41,1827.4878400000002
1556,NCZ42,3839.80176
1557,NCZ53,3014.7424
1558,NCZ54,3249.1040000000003
